Name,Album,Artist
Calm Down,Non- Stop Pop,Various Artists
TEXAS HOLD 'EM,TEXAS HOLD 'EM,Beyoncé
Until I Found You,Until I Found You (Piano Version),Stephen Sanchez
Rent Money,Rent Money,Stefano
Rush,Rush,Ayra Starr
"yes, and?","yes, and?",Ariana Grande
I Ain't Worried,"I Ain’t Worried (Music From The Motion Picture ""Top Gun: Maverick"")",OneRepublic
I'm Good (Blue),Silvester Party Hits 2022 / 2023,Various Artists
Circus,Circus,Jealous Friend
"Dance The Night (From ""Barbie The Album"")",Your Top Songs,Various Artists
golden hour,golden hour,JVKE
Overdrive (feat. Norma Jean Martine),Overdrive (feat. Norma Jean Martine),Ofenbach
Ring Ring,Ring Ring,MIRA
Woman,Planet Her,Doja Cat
STUPID IN LOVE (feat. HUH YUNJIN of LE SSERAFIM),STUPID IN LOVE (feat. HUH YUNJIN of LE SSERAFIM),MAX
Doctor (Work It Out) [feat. Miley Cyrus],Doctor (Work It Out) [feat. Miley Cyrus],Pharrell Williams
Ladida,Ladida,MIRA
INDUSTRY BABY,MONTERO,Lil Nas X
Kiss Me More (feat. SZA),Kiss Me More (feat. SZA),Doja Cat
I Like You (A Happier Song) (with Doja Cat),Twelve Carat Toothache,Post Malone
Duro,Duro,MIRA
Butter,Butter,BTS
Made You Look,Takin' It Back,Meghan Trainor
For My Hand (feat. Ed Sheeran),"Love, Damini",Burna Boy
Bad Booty,Bad Booty,MIRA
Nonsense,A Nonsense Christmas,Sabrina Carpenter
Don't You Worry,Elevation,Black Eyed Peas
Sunroof,Sunroof,Nicky Youre
Come With Me,Come With Me,MIRA
"24/7, 365","24/7, 365",elijah woods
My Universe,My Universe,Coldplay
The Motto,The Motto,Tiësto
Summer's Gone,Summer's Gone,Monoir
Solo,Solo,BLANKA
Lil Boo Thang,Lil Boo Thang,Paul Russell
3D (feat. Jack Harlow),3D (feat. Jack Harlow),Jung Kook
Shades of Blue,Shades of Blue,Féa
UP,UP,INNA
Light Switch,Light Switch,Charlie Puth
Desire (with Sam Smith),Desire (with Sam Smith),Calvin Harris
I Got It All,I Got It All,Paul Damixie
Can't Get Enough,Can't Get Enough (feat. Latto),Jennifer Lopez
When I Get Old,When I Get Old,Christopher
Rock My Body,Rock My Body,R3HAB
Out of Space,Out of Space,Paul Damixie
First Class,Chill Rap Vibes,Various Artists
this is what falling in love feels like,this is what falling in love feels like,JVKE
Kiss Me,Songs of Sonder,Dermot Kennedy
Dumb,Dumb,Paul Damixie
Rush,Got Me Started,Troye Sivan
Bam Bam (feat. Ed Sheeran),Bam Bam (feat. Ed Sheeran),Camila Cabello
Single Soon,Single Soon,Selena Gomez
Hypnotised,Hypnotised,Paul Damixie
Angel Baby,Angel Baby,Troye Sivan
About Damn Time,About Damn Time,Lizzo
Do It Again,Do It Again,Ray Dalton
You Got Me Like,You Got Me Like,Paul Damixie
The Drum,The Drum,Alan Walker
Welcome To New York (Taylor's Version),1989 (Taylor's Version),Taylor Swift
Late Night Talking,Late Night Talking,Harry Styles
I'm Done,I'm Done,Paul Damixie
Cara Mia,Cara Mia,BLANKA
Not My Fault (with Megan Thee Stallion),Not My Fault (with Megan Thee Stallion),Reneé Rapp
Lovin On Me,Lovin On Me,Jack Harlow
Drip,Drip,Paul Damixie
On My Love,On My Love,Zara Larsson
All 4 Nothing (I'm So In Love),All 4 Nothing (I'm So In Love),Lauv
Bad Memories (feat. Elley Duhé & FAST BOY),Bad Memories (feat. Elley Duhé & FAST BOY),MEDUZA
Secrets,Secrets,Paul Damixie
Whistle (feat. Calum Scott),Whistle (feat. Calum Scott),Jax Jones
Someday,Human (Deluxe),OneRepublic
Run,Run,OneRepublic
Wrinkle in Time,Wrinkle in Time,Smiley
Skate,Skate,Bruno Mars
Slow Low,Slow Low,Jason Derulo
Celestial,Celestial,Ed Sheeran
Let Me Go,Let Me Go,Smiley
Green Green Grass,Green Green Grass,George Ezra
Spicy Margarita,Spicy Margarita,Jason Derulo
Sweetest Pie,Sweetest Pie,Megan Thee Stallion
Walking to the Moon,Walking to the Moon,Smiley
B.O.T.A. (Baddest Of Them All),B.O.T.A. (Baddest Of Them All) / Move To The,Eliza Rose
Before You,Before You,Benson Boone
Freeze,Freeze,Kygo
Tomorrow,Tomorrow,Smiley
Never Going Home,Never Going Home,Kungs
Yummy (with Dhurata Dora & Stefflon Don),Yummy (with Dhurata Dora & Stefflon Don),INNA
Higher Power,Higher Power,Coldplay
Days Of Summer - Toesup Remix,Days Of Summer (Toesup Remix),Smiley
Players - DJ Smallz 732 - Jersey Club Remix,Players,Coi Leray
